"Row","Treatment","Group","Mean","LCI","UCI"
0,scenario_main_base,Z1,-0.540937889126372,-0.616469432502476,-0.465406345750268
0,scenario_main_base,Z2,-0.629294035745413,-0.688210067839498,-0.570378003651327
