"Row","Treatment","Group","Mean","LCI","UCI"
0,scenario_main_base,Z1,-0.591267364434334,-0.668104316016821,-0.514430412851848
0,scenario_main_base,Z2,-0.680419294002233,-0.728512039694255,-0.632326548310211
