"Row","Treatment","Group","Mean","LCI","UCI"
0,scenario_main_base,Z1,-0.578360431893662,-0.654330195410399,-0.502390668376925
0,scenario_main_base,Z2,-0.679157749214768,-0.731350104200857,-0.626965394228679
