z1_Row,z1_ATE,z1_ATE_LCI,z1_ATE_UCI,z2_Row,z2_ATE,z2_ATE_LCI,z2_ATE_UCI,algorithm,flag,Treatment,z1_sig,z2_sig,significance,avg.cond.ef,Lower.avg.cond.ef,Upper.avg.cond.ef
0,-0.578360431893662,-0.654330195410399,-0.502390668376925,0,-0.679157749214768,-0.731350104200857,-0.626965394228679,Existing Model,0,image_B_captured,1,1,1,-0.6287590905542151,-0.731350104200857,-0.502390668376925
